City_ID,City,Country,Date,Lat,Lng,Max Temp,Humidity,Cloudiness,Wind Speed
0,Punta Arenas,CL,2022-02-09 07:45:34,-53.15,-70.9167,53.71,58,75,14.97
1,Cape Town,ZA,2022-02-09 07:47:27,-33.9258,18.4232,73.11,68,20,5.75
2,Conde,BR,2022-02-09 07:47:27,-7.2597,-34.9075,72.86,94,20,4.61
3,Albany,US,2022-02-09 07:46:24,42.6001,-73.9662,25.38,75,6,4.61
4,East London,ZA,2022-02-09 07:47:28,-33.0153,27.9116,74.34,68,0,14.97
5,Vaini,TO,2022-02-09 07:46:14,-21.2,-175.2,78.96,100,40,8.05
6,Wanaka,NZ,2022-02-09 07:47:29,-44.7,169.15,62.11,93,100,2.19
7,Brindisi,IT,2022-02-09 07:47:29,40.5833,17.6667,52.45,63,0,19.77
8,Ningyang,CN,2022-02-09 07:47:30,35.7642,116.7914,46.11,41,100,7.45
9,Rikitea,PF,2022-02-09 07:47:31,-23.1203,-134.9692,78.69,73,25,14.81
10,Lompoc,US,2022-02-09 07:47:31,34.6391,-120.4579,65.57,81,0,9.22
11,Mackay,AU,2022-02-09 07:46:57,-21.15,149.2,81.68,69,75,10.36
12,Rosenberg,SK,2022-02-09 07:47:32,49.0748,19.3075,43.41,100,100,1.3
13,Crna Na Koroskem,SI,2022-02-09 07:47:32,46.4705,14.8501,36.48,73,12,2.89
14,Jaru,BR,2022-02-09 07:47:33,-10.4389,-62.4664,71.11,98,100,2.26
15,Kapaa,US,2022-02-09 07:47:34,22.0752,-159.319,73.72,81,20,12.66
16,Kodiak,US,2022-02-09 07:45:06,57.79,-152.4072,22.51,80,100,14.97
17,Agua Dulce,MX,2022-02-09 07:47:34,18.1333,-94.1333,65.41,87,100,6.04
18,Miraflores,MX,2022-02-09 07:47:35,19.2167,-98.8083,53.02,77,16,3.56
19,Maceio,BR,2022-02-09 07:47:35,-9.6658,-35.7353,74.64,88,0,2.3
20,Pedasi,PA,2022-02-09 07:47:35,7.5333,-80.0333,72.07,82,20,13.51
21,New Norfolk,AU,2022-02-09 07:47:36,-42.7826,147.0587,72.66,48,98,2.95
22,Georgetown,MY,2022-02-09 07:43:58,5.4112,100.3354,89.55,71,40,11.5
23,Kahului,US,2022-02-09 07:47:37,20.8947,-156.47,74.84,70,20,1.99
24,Port Alfred,ZA,2022-02-09 07:47:37,-33.5906,26.891,76.12,62,0,15.03
25,Barrow,US,2022-02-09 07:47:38,71.2906,-156.7887,-30.98,100,0,10.36
26,Sembakung,ID,2022-02-09 07:47:38,3.8167,117.25,84.13,80,98,2.04
27,Nizwa,OM,2022-02-09 07:47:39,22.9333,57.5333,74.66,20,0,4.72
28,Castro,BR,2022-02-09 07:47:39,-24.7911,-50.0119,59.54,95,84,7.2
29,Ponta Do Sol,PT,2022-02-09 07:47:40,32.6667,-17.1,71.13,42,100,11.45
30,Bonavista,CA,2022-02-09 07:47:40,48.6499,-53.1147,35.11,97,100,39.57
31,Nome,US,2022-02-09 07:44:04,64.5011,-165.4064,-0.33,71,100,10.36
32,Nikolskoye,RU,2022-02-09 07:46:18,59.7035,30.7861,35.71,91,99,7.4
33,Bahia Blanca,AR,2022-02-09 07:43:58,-38.7196,-62.2724,67.71,55,9,12.64
34,Upernavik,GL,2022-02-09 07:47:41,72.7868,-56.1549,-17.18,77,57,8.28
35,Sarab,IR,2022-02-09 07:47:42,38.6066,44.9883,39.79,67,62,6.26
36,Jamestown,US,2022-02-09 07:46:09,42.097,-79.2353,27.99,47,0,9.22
37,Hanzhong,CN,2022-02-09 07:47:42,33.0728,107.0303,48.15,40,4,2.42
38,Namibe,AO,2022-02-09 07:47:43,-15.1961,12.1522,74.91,74,100,7.72
39,Alindao,CF,2022-02-09 07:47:44,5.0267,21.2088,86.56,14,27,7.07
40,Fortuna,US,2022-02-09 07:42:58,40.5982,-124.1573,43.72,100,0,8.05
41,Puerto Quijarro,BO,2022-02-09 07:47:44,-17.7833,-57.7667,68.02,72,78,1.45
42,Am Timan,TD,2022-02-09 07:47:45,11.0297,20.2827,80.08,11,15,6.44
43,Ushuaia,AR,2022-02-09 07:47:45,-54.8,-68.3,49.66,57,100,23.02
44,Denpasar,ID,2022-02-09 07:46:26,-8.65,115.2167,83.86,79,20,9.22
45,Platteville,US,2022-02-09 07:48:46,42.7342,-90.4785,32.68,100,75,12.66
46,Kupang,ID,2022-02-09 07:48:47,-10.1667,123.5833,82.24,80,100,7.52
47,Puerto Ayora,EC,2022-02-09 07:48:47,-0.7393,-90.3518,72.0,87,6,3.85
48,Springfield,US,2022-02-09 07:43:58,37.2153,-93.2982,42.82,70,0,5.01
49,Atuona,PF,2022-02-09 07:44:18,-9.8,-139.0333,78.28,75,3,16.73
50,Paamiut,GL,2022-02-09 07:48:48,61.994,-49.6678,7.0,69,100,15.1
51,Te Anau,NZ,2022-02-09 07:48:48,-45.4167,167.7167,63.3,97,100,0.36
52,Saint-Philippe,RE,2022-02-09 07:48:49,-21.3585,55.7679,83.79,78,63,8.32
53,Zhezkazgan,KZ,2022-02-09 07:48:50,47.8043,67.7144,24.78,93,100,11.18
54,Bilibino,RU,2022-02-09 07:48:50,68.0546,166.4372,-29.22,82,19,1.66
55,Hermanus,ZA,2022-02-09 07:48:51,-34.4187,19.2345,73.8,68,0,12.1
56,Sao Joao Da Barra,BR,2022-02-09 07:48:51,-21.6403,-41.0511,69.62,94,100,15.28
57,Hamilton,US,2022-02-09 07:48:15,39.1834,-84.5333,42.24,66,0,9.22
58,Marawi,PH,2022-02-09 07:48:52,7.9986,124.2928,70.65,96,99,3.96
59,Hilo,US,2022-02-09 07:48:53,19.7297,-155.09,69.53,93,100,6.91
60,Ulaangom,MN,2022-02-09 07:46:18,49.9811,92.0667,-11.78,92,99,3.42
61,Boueni,YT,2022-02-09 07:48:54,-12.9025,45.0761,85.98,75,100,14.61
62,Bethel,US,2022-02-09 07:47:34,41.3712,-73.414,30.49,74,0,5.75
63,Manta,EC,2022-02-09 07:48:55,-0.95,-80.7333,74.98,83,75,5.75
64,Clarence Town,AU,2022-02-09 07:48:55,-32.5833,151.7833,82.31,52,28,8.32
65,Mahebourg,MU,2022-02-09 07:48:55,-20.4081,57.7,85.24,65,40,8.05
66,Espanola,US,2022-02-09 07:48:56,35.9911,-106.0806,39.18,59,0,2.55
67,Peyima,SL,2022-02-09 07:48:56,8.7,-11.0333,68.07,93,28,1.12
68,Lata,PT,2022-02-09 07:48:57,40.1629,-8.3327,46.81,72,0,3.56
69,Luanda,AO,2022-02-09 07:48:57,-8.8368,13.2343,77.0,83,75,5.75
70,Arraial Do Cabo,BR,2022-02-09 07:48:41,-22.9661,-42.0278,71.29,84,100,7.2
71,Coahuayana,MX,2022-02-09 07:48:58,18.7333,-103.6833,66.09,86,1,4.38
72,Colares,PT,2022-02-09 07:45:33,38.7992,-9.4469,53.33,76,0,10.0
73,Susanville,US,2022-02-09 07:48:59,40.4163,-120.653,35.1,73,0,5.75
74,Pacific Grove,US,2022-02-09 07:48:59,36.6177,-121.9166,62.49,51,0,9.22
75,Atar,MR,2022-02-09 07:49:00,20.5169,-13.0499,67.53,12,98,9.55
76,Esperance,AU,2022-02-09 07:49:00,-33.8667,121.9,75.04,66,18,16.37
77,Bluff,NZ,2022-02-09 07:47:29,-46.6,168.3333,62.8,93,100,9.62
78,Tuy Hoa,VN,2022-02-09 07:49:01,13.0833,109.3,79.68,79,77,7.81
79,Katsuura,JP,2022-02-09 07:49:01,35.1333,140.3,51.19,63,95,12.48
80,Huaquechula,MX,2022-02-09 07:49:02,18.7667,-98.55,52.39,77,0,3.71
81,Itoman,JP,2022-02-09 07:49:02,26.1247,127.6694,69.82,60,40,9.22
82,Norman Wells,CA,2022-02-09 07:49:03,65.282,-126.8329,-18.36,63,100,6.91
83,Coruripe,BR,2022-02-09 07:49:03,-10.1256,-36.1756,77.72,79,24,6.2
84,Yellowknife,CA,2022-02-09 07:49:04,62.456,-114.3525,-17.45,76,100,4.61
85,Geraldton,AU,2022-02-09 07:49:04,-28.7667,114.6,81.01,54,0,25.32
86,Airai,TL,2022-02-09 07:49:05,-8.9266,125.4092,64.96,94,100,1.88
87,Tuktoyaktuk,CA,2022-02-09 07:50:05,69.4541,-133.0374,-38.13,97,51,7.94
88,Grindavik,IS,2022-02-09 07:50:05,63.8424,-22.4338,30.67,74,0,26.46
89,Lagoa,PT,2022-02-09 07:50:06,39.05,-27.9833,58.64,72,64,12.75
90,Vanavara,RU,2022-02-09 07:50:06,60.34,102.2797,-6.09,87,89,3.27
91,Busselton,AU,2022-02-09 07:50:07,-33.65,115.3333,85.08,42,0,11.56
92,Komsomolskiy,UZ,2022-02-09 07:50:07,40.4272,71.7189,47.12,34,92,9.22
93,Genhe,CN,2022-02-09 07:50:08,50.7833,121.5167,11.7,80,100,4.23
94,Kangaatsiaq,GL,2022-02-09 07:50:08,68.3065,-53.4641,-3.37,72,100,19.06
95,Mataura,NZ,2022-02-09 07:50:09,-46.1927,168.8643,62.47,98,100,4.25
96,Yar-Sale,RU,2022-02-09 07:50:09,66.8333,70.8333,2.35,93,93,15.41
97,Mezen,RU,2022-02-09 07:50:10,65.8522,44.24,18.41,94,98,10.83
98,Richards Bay,ZA,2022-02-09 07:50:10,-28.783,32.0377,84.07,55,0,1.86
99,Safaga,EG,2022-02-09 07:50:11,26.7292,33.9365,69.75,26,0,1.81
100,Bhera,PK,2022-02-09 07:50:11,32.4832,72.9097,69.44,32,0,5.73
101,Torbay,CA,2022-02-09 07:47:01,47.6666,-52.7314,37.27,96,100,35.68
102,San Cristobal,VE,2022-02-09 07:50:12,7.7669,-72.225,64.09,92,99,1.79
103,Hua Hin,TH,2022-02-09 07:50:12,12.5707,99.9588,87.82,66,20,11.5
104,Victoria,HK,2022-02-09 07:45:54,22.2855,114.1577,67.17,82,99,11.01
105,Tautira,PF,2022-02-09 07:50:13,-17.7333,-149.15,82.0,80,38,19.62
106,Longyearbyen,SJ,2022-02-09 07:50:13,78.2186,15.6401,4.84,85,20,8.05
107,Netivot,IL,2022-02-09 07:50:14,31.4222,34.5886,66.6,45,0,18.45
108,Ponnani,IN,2022-02-09 07:50:14,10.767,75.9252,87.12,56,3,12.3
109,Narsaq,GL,2022-02-09 07:50:15,60.9167,-46.05,-4.34,67,90,10.87
110,Andenes,NO,2022-02-09 07:50:15,69.3143,16.1194,31.98,93,75,26.46
111,Galesong,ID,2022-02-09 07:50:15,-5.3166,119.3661,82.42,78,100,8.93
112,Thompson,CA,2022-02-09 07:45:31,55.7435,-97.8558,3.36,78,100,12.66
113,Tiarei,PF,2022-02-09 07:50:16,-17.5333,-149.3333,82.0,80,31,20.62
114,Pisco,PE,2022-02-09 07:50:17,-13.7,-76.2167,67.01,88,62,1.14
115,Funtua,NG,2022-02-09 07:50:17,11.5233,7.3081,68.95,9,100,14.72
116,Quesnel,CA,2022-02-09 07:50:17,52.9999,-122.5029,39.7,81,100,10.36
117,Carauari,BR,2022-02-09 07:50:18,-4.8828,-66.8958,71.8,99,100,1.41
118,Humaita,BR,2022-02-09 07:50:18,-7.5061,-63.0208,73.08,99,100,3.51
119,Conceicao Da Barra,BR,2022-02-09 07:50:19,-18.5933,-39.7322,74.16,96,85,4.41
120,Westport,US,2022-02-09 07:46:53,41.1415,-73.3579,31.8,79,0,6.91
121,Arklow,IE,2022-02-09 07:50:20,52.7931,-6.1414,43.48,83,49,10.51
122,Mar Del Plata,AR,2022-02-09 07:46:04,-38.0023,-57.5575,62.1,88,0,8.01
123,Timizart,DZ,2022-02-09 07:50:20,36.8,4.2667,49.96,66,0,4.41
124,Khani,GE,2022-02-09 07:50:21,41.9563,42.9566,44.17,93,89,6.13
125,Vestmanna,FO,2022-02-09 07:50:21,62.1564,-7.1664,36.52,70,75,31.07
126,Cidreira,BR,2022-02-09 07:50:22,-30.1811,-50.2056,65.98,85,41,2.33
127,Saskylakh,RU,2022-02-09 07:50:22,71.9167,114.0833,3.78,89,100,13.04
128,Broomall,US,2022-02-09 07:50:23,39.9815,-75.3566,28.99,67,0,1.99
129,Port-Gentil,GA,2022-02-09 07:50:23,-0.7193,8.7815,78.76,94,75,3.44
130,Bredasdorp,ZA,2022-02-09 07:48:54,-34.5322,20.0403,73.27,56,0,10.36
131,Talnakh,RU,2022-02-09 07:51:24,69.4865,88.3972,-2.79,95,100,12.28
132,Iqaluit,CA,2022-02-09 07:51:24,63.7506,-68.5145,-2.31,77,100,3.44
133,Saint George,US,2022-02-09 07:51:25,37.1041,-113.5841,48.79,25,0,3.0
134,Kitakata,JP,2022-02-09 07:51:25,37.65,139.8667,40.57,93,99,0.81
135,Krasnoselkup,RU,2022-02-09 07:51:25,65.7,82.4667,-5.98,86,84,11.05
136,Gamba,GA,2022-02-09 07:51:26,-2.65,10.0,79.2,86,99,3.6
137,Los Llanos De Aridane,ES,2022-02-09 07:51:26,28.6585,-17.9182,65.95,37,0,9.22
138,Lorengau,PG,2022-02-09 07:51:27,-2.0226,147.2712,82.92,78,70,5.99
139,Port Lincoln,AU,2022-02-09 07:51:27,-34.7333,135.8667,66.81,60,18,14.67
140,Verkhoyansk,RU,2022-02-09 07:51:28,67.5447,133.385,-40.2,100,54,1.36
141,Chuy,UY,2022-02-09 07:51:28,-33.6971,-53.4616,61.45,76,0,2.19
142,Jieshi,CN,2022-02-09 07:51:28,22.8134,115.8257,66.94,76,78,14.32
143,Torrington,US,2022-02-09 07:51:29,41.8007,-73.1212,29.14,75,10,1.99
144,Santiago De Cao,PE,2022-02-09 07:51:29,-7.9589,-79.2392,69.89,81,100,7.96
145,Butaritari,KI,2022-02-09 07:51:30,3.0707,172.7902,81.72,78,26,15.43
146,Labytnangi,RU,2022-02-09 07:51:30,66.6572,66.4183,-6.56,97,95,7.96
147,Cullinan,ZA,2022-02-09 07:51:31,-25.6709,28.5236,75.72,43,21,3.8
148,Kutum,SD,2022-02-09 07:51:31,14.2,24.6667,67.46,12,0,6.26
149,Sola,VU,2022-02-09 07:51:31,-13.8833,167.55,81.86,81,100,26.62
150,Fomboni,KM,2022-02-09 07:51:32,-12.28,43.7425,82.76,72,100,10.09
151,Caravelas,BR,2022-02-09 07:51:32,-17.7125,-39.2481,73.76,97,32,3.71
152,Faanui,PF,2022-02-09 07:51:33,-16.4833,-151.75,81.68,77,12,16.69
153,Mahajanga,MG,2022-02-09 07:51:33,-15.7167,46.3167,86.02,74,40,3.44
154,Ponta Delgada,PT,2022-02-09 07:51:33,37.7333,-25.6667,58.5,88,20,10.36
155,Makinsk,KZ,2022-02-09 07:51:34,52.6292,70.4169,17.29,91,48,6.11
156,Ancud,CL,2022-02-09 07:51:35,-41.8697,-73.8203,55.22,75,32,3.76
157,Havoysund,NO,2022-02-09 07:51:35,70.9963,24.6622,25.68,78,100,13.49
158,Tasiilaq,GL,2022-02-09 07:51:35,65.6145,-37.6368,5.0,76,100,9.64
159,Turi,IT,2022-02-09 07:51:36,40.9173,17.0212,52.45,48,0,10.36
160,Avarua,CK,2022-02-09 07:51:36,-21.2078,-159.775,75.25,94,100,2.3
161,Bambous Virieux,MU,2022-02-09 07:51:37,-20.3428,57.7575,85.21,65,40,8.05
162,Pereslavl-Zalesskiy,RU,2022-02-09 07:51:37,56.7393,38.8563,23.04,96,96,5.19
163,Waingapu,ID,2022-02-09 07:51:38,-9.6567,120.2641,82.96,76,100,1.23
164,Maningrida,AU,2022-02-09 07:51:38,-12.0667,134.2667,84.61,72,99,9.48
165,Clyde River,CA,2022-02-09 07:51:38,70.4692,-68.5914,-27.17,75,100,13.8
166,Karratha,AU,2022-02-09 07:49:11,-20.7377,116.8463,87.19,66,39,13.18
167,Colonial Heights,US,2022-02-09 07:51:39,37.268,-77.4073,31.48,91,0,5.75
168,Lesnoy,RU,2022-02-09 07:51:39,57.6198,63.0784,18.99,88,74,8.72
169,Victor Harbor,AU,2022-02-09 07:51:40,-35.5667,138.6167,74.91,73,7,1.99
170,Leningradskiy,RU,2022-02-09 07:50:27,69.3833,178.4167,-27.92,90,37,10.45
171,Kununurra,AU,2022-02-09 07:51:40,-15.7667,128.7333,78.78,89,100,5.75
172,Caibarien,CU,2022-02-09 07:51:41,22.5206,-79.4669,73.83,84,82,5.82
173,Tagbacan,PH,2022-02-09 07:51:41,11.1534,125.5767,81.12,76,96,14.07
174,Wellington,NZ,2022-02-09 07:50:36,-41.2866,174.7756,70.77,89,100,4.61
175,Navalgund,IN,2022-02-09 07:51:42,15.5667,75.3667,85.1,26,29,4.03
176,Saint-Augustin,CA,2022-02-09 07:51:43,51.226,-58.6502,25.65,95,100,24.54
177,Luderitz,NA,2022-02-09 07:52:43,-26.6481,15.1594,79.84,47,8,8.48
178,Wageningen,NL,2022-02-09 07:52:43,51.9667,5.6667,48.85,94,75,14.97
179,Kholmsk,RU,2022-02-09 07:52:44,47.0511,142.0569,20.08,72,97,13.44
180,Tolaga Bay,NZ,2022-02-09 07:50:30,-38.3667,178.3,66.67,93,26,9.6
181,Severo-Kurilsk,RU,2022-02-09 07:52:44,50.6789,156.125,30.58,96,100,16.78
182,Bengkulu,ID,2022-02-09 07:52:45,-3.8004,102.2655,81.7,72,96,8.84
183,Newport,GB,2022-02-09 07:52:45,51.5877,-2.9984,50.16,89,100,14.67
184,Nara,JP,2022-02-09 07:52:46,34.6851,135.8049,51.12,44,10,7.4
185,Korsakovo,RU,2022-02-09 07:52:46,53.2677,37.3569,25.11,97,100,5.23
186,Seymchan,RU,2022-02-09 07:52:47,62.8833,152.4333,-35.81,98,100,0.92
187,Hobart,AU,2022-02-09 07:51:11,-42.8794,147.3294,72.05,54,75,13.8
188,Banda Aceh,ID,2022-02-09 07:52:47,5.5577,95.3222,79.07,81,100,1.1
189,Cambados,ES,2022-02-09 07:52:48,42.5122,-8.8131,54.25,70,0,3.53
190,The Valley,AI,2022-02-09 07:52:48,18.217,-63.0578,77.09,70,4,20.51
191,Hasaki,JP,2022-02-09 07:52:49,35.7333,140.8333,46.69,55,87,12.84
192,Kloulklubed,PW,2022-02-09 07:52:49,7.0419,134.2556,82.9,81,100,12.66
193,Hithadhoo,MV,2022-02-09 07:52:50,-0.6,73.0833,83.19,67,100,14.76
194,Pevek,RU,2022-02-09 07:52:50,69.7008,170.3133,-30.77,99,99,3.56
195,Maroantsetra,MG,2022-02-09 07:52:50,-15.4333,49.7333,85.33,65,12,3.83
196,Faya,SA,2022-02-09 07:52:51,18.3851,42.4509,62.71,41,5,8.12
197,Dawei,MM,2022-02-09 07:52:51,14.0833,98.2,90.41,40,78,10.94
198,Xunchang,CN,2022-02-09 07:52:52,28.4543,104.715,48.54,56,99,4.68
199,Usogorsk,RU,2022-02-09 07:52:52,63.4106,48.6872,16.99,92,100,10.38
200,Hambantota,LK,2022-02-09 07:52:53,6.1241,81.1185,89.94,48,20,9.22
201,Hualmay,PE,2022-02-09 07:52:53,-11.0964,-77.6139,68.7,85,62,6.31
202,La Carolina,ES,2022-02-09 07:52:54,38.2756,-3.6153,49.71,71,0,4.0
203,Sechura,PE,2022-02-09 07:52:54,-5.5569,-80.8222,71.19,75,90,5.12
204,Chokurdakh,RU,2022-02-09 07:52:54,70.6333,147.9167,-41.73,99,79,6.82
205,Bathsheba,BB,2022-02-09 07:52:55,13.2167,-59.5167,74.01,78,40,6.91
206,Olafsvik,IS,2022-02-09 07:52:55,64.8945,-23.7142,32.7,72,97,34.2
207,Alto Piquiri,BR,2022-02-09 07:52:56,-24.0281,-53.4406,61.74,66,0,2.39
208,Sitio Novo Do Tocantins,BR,2022-02-09 07:52:56,-5.5183,-47.4611,78.73,94,20,2.3
209,Taikang,CN,2022-02-09 07:52:57,46.8333,124.4167,16.36,87,33,4.14
210,Qaanaaq,GL,2022-02-09 07:50:14,77.484,-69.3632,-21.95,84,54,7.45
211,Provideniya,RU,2022-02-09 07:52:57,64.3833,-173.3,-14.84,85,22,10.67
212,Mount Gambier,AU,2022-02-09 07:52:58,-37.8333,140.7667,69.71,56,100,17.27
213,Antofagasta,CL,2022-02-09 07:52:58,-23.65,-70.4,63.68,86,37,3.13
214,San Quintin,MX,2022-02-09 07:50:28,30.4833,-115.95,58.15,50,11,2.91
215,Manutuke,NZ,2022-02-09 07:52:59,-38.6833,177.9167,71.98,94,31,4.83
216,Mecca,SA,2022-02-09 07:52:59,21.4267,39.8261,77.54,59,0,1.83
217,Dikson,RU,2022-02-09 07:53:00,73.5069,80.5464,-0.99,94,100,22.24
218,Matara,LK,2022-02-09 07:53:00,5.9485,80.5353,84.63,55,100,6.78
219,Skjervoy,NO,2022-02-09 07:53:00,70.0311,20.9714,32.18,63,18,15.21
220,Nantucket,US,2022-02-09 07:53:01,41.2835,-70.0995,33.91,72,1,25.48
221,Davila,PH,2022-02-09 07:53:01,18.4726,120.5763,84.18,78,17,21.09
222,Makakilo City,US,2022-02-09 07:48:44,21.3469,-158.0858,72.68,71,0,4.61
223,Hay River,CA,2022-02-09 07:54:02,60.8156,-115.7999,-9.42,77,75,9.22
224,Tranbjerg,DK,2022-02-09 07:54:02,56.0901,10.1194,45.09,91,100,17.54
225,Tres Arroyos,AR,2022-02-09 07:54:03,-38.3739,-60.2798,58.6,71,8,9.51
226,Kruisfontein,ZA,2022-02-09 07:54:03,-34.0033,24.7314,75.88,50,0,13.15
227,Port Hardy,CA,2022-02-09 07:54:04,50.6996,-127.4199,46.76,93,100,12.66
228,Rocha,UY,2022-02-09 07:54:04,-34.4833,-54.3333,56.77,87,0,2.59
229,Pierre,US,2022-02-09 07:50:37,44.3683,-100.351,43.72,45,20,25.32
230,Klaksvik,FO,2022-02-09 07:54:05,62.2266,-6.589,38.32,66,94,36.82
231,Quelimane,MZ,2022-02-09 07:54:05,-17.8786,36.8883,84.15,79,75,4.61
232,Anaconda,US,2022-02-09 07:54:06,46.1285,-112.9423,23.67,91,91,6.89
233,Kysucke Nove Mesto,SK,2022-02-09 07:54:06,49.3,18.7833,43.7,98,100,1.14
234,Floresta,BR,2022-02-09 07:54:06,-8.6011,-38.5686,73.92,74,0,6.82
235,Huambo,AO,2022-02-09 07:54:07,-12.7761,15.7392,59.9,95,100,6.93
236,Sehithwa,BW,2022-02-09 07:54:07,-20.4667,22.7167,85.73,31,0,9.08
237,Souillac,MU,2022-02-09 07:54:08,-20.5167,57.5167,85.35,65,40,8.05
238,Krivosheino,RU,2022-02-09 07:54:08,57.3431,83.9261,5.02,81,6,8.01
239,Morant Bay,JM,2022-02-09 07:54:08,17.8815,-76.4093,76.62,81,28,2.57
240,Ilulissat,GL,2022-02-09 07:54:09,69.2167,-51.1,-10.57,64,100,14.83
241,Petrivka,UA,2022-02-09 07:54:09,46.9695,30.9591,34.25,96,98,14.12
242,Selenginsk,RU,2022-02-09 07:54:10,52.0064,106.8647,16.21,86,100,7.65
243,Port Elizabeth,ZA,2022-02-09 07:54:10,-33.918,25.5701,78.1,68,20,16.11
244,Kushiro,JP,2022-02-09 07:54:10,42.975,144.3747,27.55,68,75,5.75
245,Abu Dhabi,AE,2022-02-09 07:54:01,24.4667,54.3667,71.71,59,20,6.91
246,Trelew,AR,2022-02-09 07:54:11,-43.249,-65.3051,60.51,71,32,6.96
247,Springbok,ZA,2022-02-09 07:54:11,-29.6643,17.8865,80.62,20,0,5.48
248,Raudeberg,NO,2022-02-09 07:54:12,61.9875,5.1352,38.8,87,100,10.0
249,Flinders,AU,2022-02-09 07:54:12,-34.5833,150.8552,83.48,61,100,8.1
250,Sobolevo,RU,2022-02-09 07:54:13,54.4299,31.8996,32.68,98,100,12.35
251,Upington,ZA,2022-02-09 07:54:13,-28.4478,21.2561,82.78,34,20,6.91
252,Kazuno,JP,2022-02-09 07:54:14,40.1836,140.7872,31.24,88,88,3.83
253,Limoux,FR,2022-02-09 07:54:14,42.9167,2.1667,45.16,61,15,4.43
254,Severo-Yeniseyskiy,RU,2022-02-09 07:54:14,60.3725,93.0408,-0.74,86,28,2.55
255,Porto Novo,BJ,2022-02-09 07:54:15,6.4965,2.6036,80.42,73,96,3.11
256,Ahuimanu,US,2022-02-09 07:54:15,21.4447,-157.8378,73.85,76,75,9.22
257,Eureka,US,2022-02-09 07:54:16,40.8021,-124.1637,43.99,67,7,4.12
258,Lebu,CL,2022-02-09 07:54:16,-37.6167,-73.65,56.7,86,1,15.75
259,Isangel,VU,2022-02-09 07:54:16,-19.55,169.2667,82.51,94,100,11.5
260,Portel,BR,2022-02-09 07:50:16,-1.9356,-50.8211,72.12,97,100,2.93
261,Saint Anthony,US,2022-02-09 07:54:06,45.0205,-93.218,36.3,87,100,11.5
262,Puerto Madryn,AR,2022-02-09 07:54:17,-42.7692,-65.0385,62.92,72,20,9.44
263,Auki,SB,2022-02-09 07:54:18,-8.7676,160.7034,77.32,90,100,6.29
264,Praia,CV,2022-02-09 07:54:18,14.9215,-23.5087,64.94,77,0,6.91
265,Deputatskiy,RU,2022-02-09 07:54:19,69.3,139.9,-34.73,95,73,6.71
266,Ca Mau,VN,2022-02-09 07:54:19,9.1769,105.15,90.41,45,100,15.97
267,Nata,PA,2022-02-09 07:54:19,8.3333,-80.5167,71.67,86,21,4.45
268,Ottawa,CA,2022-02-09 07:52:10,45.4112,-75.6981,21.31,91,0,4.61
269,Lanzhou,CN,2022-02-09 07:54:20,36.0564,103.7922,31.28,57,9,2.84
270,Husavik,IS,2022-02-09 07:54:20,66.0449,-17.3389,28.31,90,100,12.41
271,Benemerito De Las Americas,MX,2022-02-09 07:54:21,16.5167,-90.6439,66.56,92,100,4.03
272,Luganville,VU,2022-02-09 07:54:21,-15.5333,167.1667,78.76,82,100,7.99
273,Cordoba,AR,2022-02-09 07:55:22,-31.4135,-64.1811,64.6,82,0,8.05
274,Zhigansk,RU,2022-02-09 07:55:22,66.7697,123.3711,-35.84,98,99,5.32
275,Khatanga,RU,2022-02-09 07:55:22,71.9667,102.5,1.04,89,100,15.35
276,Cabo San Lucas,MX,2022-02-09 07:54:37,22.8909,-109.9124,67.51,50,3,5.19
277,Elk River,US,2022-02-09 07:55:23,45.3038,-93.5672,36.46,89,99,3.0
278,Grand Gaube,MU,2022-02-09 07:55:24,-20.0064,57.6608,85.37,61,6,8.99
279,Mahibadhoo,MV,2022-02-09 07:55:24,3.7833,72.9667,82.31,68,98,14.74
280,Kormilovka,RU,2022-02-09 07:55:25,55.0026,74.1028,6.55,93,30,9.37
281,Baykit,RU,2022-02-09 07:55:25,61.67,96.37,0.37,89,65,1.97
282,Daru,PG,2022-02-09 07:55:26,-9.0763,143.2092,82.45,80,73,6.6
283,Lavrentiya,RU,2022-02-09 07:55:26,65.5833,-171.0,-22.59,94,29,11.07
284,Omboue,GA,2022-02-09 07:54:12,-1.5746,9.2618,81.46,77,51,5.03
285,Udachnyy,RU,2022-02-09 07:55:27,66.4167,112.4,-8.55,76,100,2.28
286,Taltal,CL,2022-02-09 07:55:27,-25.4,-70.4833,64.31,83,49,2.28
287,Vengerovo,RU,2022-02-09 07:55:28,55.6848,76.7471,3.24,91,6,8.34
288,Belyy Yar,RU,2022-02-09 07:55:28,53.6039,91.3903,4.89,67,0,8.95
289,Pangody,RU,2022-02-09 07:55:29,65.85,74.4859,0.41,93,63,14.16
290,Lahij,YE,2022-02-09 07:55:29,13.1667,44.5833,78.17,54,10,11.05
291,Talaya,RU,2022-02-09 07:55:29,61.3833,152.75,-27.74,87,86,1.99
292,Chiredzi,ZW,2022-02-09 07:55:30,-21.05,31.6667,90.1,32,0,1.48
293,Tharad,IN,2022-02-09 07:55:30,24.3961,71.6267,80.4,29,0,9.13
294,Bowling Green,US,2022-02-09 07:55:13,36.9903,-86.4436,43.32,76,0,12.26
295,Norrtalje,SE,2022-02-09 07:53:45,59.758,18.705,37.02,82,99,13.27
296,Kamensk-Uralskiy,RU,2022-02-09 07:51:16,56.4185,61.9329,19.22,93,99,6.98
297,Oranjemund,NA,2022-02-09 07:55:31,-28.55,16.4333,70.29,67,0,10.2
298,Zhangye,CN,2022-02-09 07:55:32,38.9342,100.4517,34.27,26,0,5.82
299,Toamasina,MG,2022-02-09 07:55:32,-18.1667,49.3833,87.8,74,40,5.75
300,Mogadishu,SO,2022-02-09 07:51:59,2.0371,45.3438,84.07,70,0,21.85
301,Kaeo,NZ,2022-02-09 07:55:33,-35.1,173.7833,74.32,93,28,7.38
302,Hong Gai,VN,2022-02-09 07:55:33,20.956,107.0946,60.71,87,100,5.7
303,Sidi Ali,DZ,2022-02-09 07:55:34,36.0998,0.4206,49.37,69,0,4.68
304,Cutro,IT,2022-02-09 07:55:34,39.0353,16.9819,43.39,41,0,6.15
305,Port Moresby,PG,2022-02-09 07:55:35,-9.4431,147.1797,89.02,70,40,9.15
306,Camacha,PT,2022-02-09 07:55:35,33.0833,-16.3333,65.16,77,20,12.66
307,Nouadhibou,MR,2022-02-09 07:55:36,20.931,-17.0347,62.58,72,1,12.66
308,Batemans Bay,AU,2022-02-09 07:55:36,-35.7167,150.1833,83.98,69,91,4.16
309,Siniscola,IT,2022-02-09 07:55:36,40.5719,9.6922,40.55,35,0,3.09
310,Caranavi,BO,2022-02-09 07:55:37,-15.8167,-67.55,62.96,93,100,2.59
311,Amga,RU,2022-02-09 07:55:37,60.8953,131.9608,-12.17,98,99,2.28
312,Vardo,NO,2022-02-09 07:55:38,70.3705,31.1107,26.58,80,75,21.85
313,College,US,2022-02-09 07:55:38,64.8569,-147.8028,-2.99,77,100,3.44
314,Poso,ID,2022-02-09 07:55:38,-1.3959,120.7524,83.32,71,94,3.18
315,Salalah,OM,2022-02-09 07:55:39,17.0151,54.0924,77.61,20,0,17.4
316,Bonthe,SL,2022-02-09 07:55:39,7.5264,-12.505,76.24,83,3,3.56
317,Honolulu,US,2022-02-09 07:55:11,21.3069,-157.8583,73.96,76,75,9.22
318,Titlagarh,IN,2022-02-09 07:56:40,20.3,83.15,89.17,22,0,1.1
319,Santa Cruz,BO,2022-02-09 07:56:40,-17.8,-63.1667,72.86,68,40,11.5
320,Sao Filipe,CV,2022-02-09 07:56:41,14.8961,-24.4956,73.09,67,0,7.27
321,La Ronge,CA,2022-02-09 07:56:41,55.1001,-105.2842,-1.95,84,0,4.61
322,Aswan,EG,2022-02-09 07:56:42,24.0934,32.907,63.7,23,0,5.75
323,Kirovsk,UA,2022-02-09 07:56:42,48.6375,38.6428,29.95,95,100,14.5
324,Terra Santa,BR,2022-02-09 07:56:42,-2.1042,-56.4869,72.03,98,100,1.3
325,Carnarvon,AU,2022-02-09 07:56:43,-24.8667,113.6333,87.87,51,0,17.27
326,Valdivia,CL,2022-02-09 07:56:43,-39.8142,-73.2459,46.49,81,0,2.73
327,Shuyskoye,RU,2022-02-09 07:56:44,59.3736,41.0305,28.29,95,92,4.94
328,Rio Gallegos,AR,2022-02-09 07:56:44,-51.6226,-69.2181,55.45,54,0,18.41
329,Avera,US,2022-02-09 07:56:45,33.194,-82.5271,34.72,68,0,3.09
330,Toccoa,US,2022-02-09 07:56:45,34.5773,-83.3324,39.81,81,0,0.0
331,Tevaitoa,PF,2022-02-09 07:56:46,-16.7833,-151.5,81.12,78,59,18.14
332,Quatre Cocos,MU,2022-02-09 07:56:46,-20.2078,57.7625,85.08,65,11,8.32
333,Soyo,AO,2022-02-09 07:56:47,-6.1349,12.3689,79.63,73,99,5.21
334,Vilyuysk,RU,2022-02-09 07:56:47,63.7553,121.6247,-29.94,97,100,0.29
335,Portland,US,2022-02-09 07:54:24,45.5234,-122.6762,47.25,91,100,3.0
336,Lulea,SE,2022-02-09 07:52:28,65.5842,22.1547,23.07,100,0,9.22
337,Buchanan,LR,2022-02-09 07:56:48,5.8808,-10.0467,76.96,85,16,2.77
338,Kendari,ID,2022-02-09 07:56:48,-3.945,122.4989,83.89,76,100,1.07
339,Touros,BR,2022-02-09 07:56:49,-5.1989,-35.4608,76.1,72,100,8.5
340,Nuuk,GL,2022-02-09 07:56:49,64.1835,-51.7216,13.87,72,100,21.0
341,Judenburg,AT,2022-02-09 07:56:50,47.1667,14.6667,41.34,93,20,0.0
342,Mount Isa,AU,2022-02-09 07:56:50,-20.7333,139.5,94.77,28,21,4.61
343,Half Moon Bay,US,2022-02-09 07:56:51,37.4636,-122.4286,61.77,55,0,0.0
344,Honiara,SB,2022-02-09 07:56:51,-9.4333,159.95,79.41,85,100,7.25
345,Liku,ID,2022-02-09 07:56:51,-0.7275,119.8922,82.08,74,100,4.27
346,Lasa,IT,2022-02-09 07:56:52,46.6166,10.7002,46.13,45,13,3.42
347,Bodden Town,KY,2022-02-09 07:56:52,19.2833,-81.25,76.93,80,6,7.65
348,Tura,IN,2022-02-09 07:56:53,25.5198,90.2201,70.92,39,2,5.14
349,Harer,ET,2022-02-09 07:56:53,9.3094,42.1258,73.35,26,15,2.06
350,San Luis,AR,2022-02-09 07:53:24,-33.295,-66.3356,69.67,39,79,12.46
351,Ranong,TH,2022-02-09 07:56:54,9.9658,98.6348,87.73,57,91,4.36
352,Vestmannaeyjar,IS,2022-02-09 07:56:54,63.4427,-20.2734,31.19,100,75,25.32
353,Fort Nelson,CA,2022-02-09 07:56:55,58.8053,-122.7002,0.99,85,0,3.44
354,Cherskiy,RU,2022-02-09 07:56:55,68.75,161.3,-41.76,100,89,3.36
355,Lichinga,MZ,2022-02-09 07:56:55,-13.3128,35.2406,66.29,100,75,8.05
356,Huarmey,PE,2022-02-09 07:56:56,-10.0681,-78.1522,69.62,84,84,5.53
357,Kaitangata,NZ,2022-02-09 07:56:56,-46.2817,169.8464,58.84,99,100,10.87
358,Toba,JP,2022-02-09 07:56:57,34.4833,136.85,50.32,68,18,1.99
359,Katsuyama,JP,2022-02-09 07:56:57,36.0617,136.501,41.36,95,100,1.39
360,Whitianga,NZ,2022-02-09 07:56:57,-36.8333,175.7,74.01,97,98,5.48
361,Alofi,NU,2022-02-09 07:56:58,-19.0595,-169.9187,75.09,94,100,4.61
362,Mainburg,DE,2022-02-09 07:56:58,48.65,11.7833,41.9,70,75,2.3
363,Key West,US,2022-02-09 07:56:59,24.5557,-81.7826,71.6,87,100,10.36
364,Hovd,MN,2022-02-09 07:57:59,48.0056,91.6419,-2.9,84,100,3.4
365,Vostok,RU,2022-02-09 07:57:59,46.4856,135.8833,5.68,96,96,0.98
366,Alta Floresta,BR,2022-02-09 07:57:01,-9.8756,-56.0861,71.19,98,100,1.41
367,Kimbe,PG,2022-02-09 07:58:00,-5.5502,150.1429,80.8,85,100,2.98
368,Shimsk,RU,2022-02-09 07:58:00,58.212,30.7127,33.04,90,99,8.19
369,Altar,MX,2022-02-09 07:58:01,30.7,-111.8167,55.89,20,0,2.26
370,Katherine,AU,2022-02-09 07:58:01,-14.4667,132.2667,93.52,43,100,8.05
371,Sarny,UA,2022-02-09 07:58:02,51.338,26.6019,36.41,80,84,14.67
372,Palafrugell,ES,2022-02-09 07:58:02,41.9174,3.1631,48.34,86,29,3.0
373,Nadadores,MX,2022-02-09 07:58:03,27.05,-101.6,51.24,38,0,3.06
374,Yerbogachen,RU,2022-02-09 07:58:03,61.2767,108.0108,-10.5,95,100,2.93
375,Venice,US,2022-02-09 07:58:04,27.0998,-82.4543,55.44,97,100,10.36
376,Supe,PE,2022-02-09 07:58:04,-10.8,-77.7333,69.31,83,83,5.48
377,Ekhabi,RU,2022-02-09 07:58:05,53.5102,142.9671,17.04,94,100,11.56
378,Nioro,GM,2022-02-09 07:58:05,13.35,-15.75,70.09,15,0,6.06
379,Sorland,NO,2022-02-09 07:58:06,67.667,12.6934,35.46,59,100,27.45
380,Abilene,US,2022-02-09 07:56:42,32.4487,-99.7331,46.89,45,3,7.05
381,Piacabucu,BR,2022-02-09 07:58:07,-10.4056,-36.4344,78.15,77,36,5.7
382,Necochea,AR,2022-02-09 07:58:07,-38.5473,-58.7368,59.04,78,11,8.68
383,Broken Hill,AU,2022-02-09 07:58:08,-31.95,141.4333,91.11,22,14,8.05
384,Hami,CN,2022-02-09 07:58:08,42.8,93.45,32.74,27,12,4.7
385,Bath,GB,2022-02-09 07:57:14,51.3779,-2.3591,51.19,90,100,9.78
386,Ribeira Grande,PT,2022-02-09 07:58:09,38.5167,-28.7,55.8,82,20,5.75
387,Cayenne,GF,2022-02-09 07:58:09,4.9333,-52.3333,79.09,85,100,2.3
388,Atbasar,KZ,2022-02-09 07:58:09,51.8,68.3333,15.04,90,80,9.55
389,Samarai,PG,2022-02-09 07:58:10,-10.6167,150.6667,82.65,76,38,7.43
390,Walvis Bay,NA,2022-02-09 07:58:10,-22.9575,14.5053,72.09,76,0,3.67
391,Altea,ES,2022-02-09 07:58:11,38.5989,-0.0514,54.64,70,12,6.15
392,Nanakuli,US,2022-02-09 07:58:11,21.3906,-158.1547,74.1,78,3,9.64
393,Matabungkay,PH,2022-02-09 07:58:12,13.9523,120.6198,86.05,56,64,13.53
394,Ballina,AU,2022-02-09 07:58:12,-28.8667,153.5667,82.58,69,6,9.22
395,Colombia,CU,2022-02-09 07:58:12,20.9881,-77.4297,70.63,90,0,3.22
396,Imbituba,BR,2022-02-09 07:58:13,-28.24,-48.6703,71.82,92,19,6.96
397,Kompaniyivka,UA,2022-02-09 07:58:13,48.2511,32.208,34.54,83,60,13.22
398,Shubarshi,KZ,2022-02-09 07:58:14,48.5872,57.1869,20.37,91,80,4.99
399,Charters Towers,AU,2022-02-09 07:58:14,-20.1,146.2667,84.0,46,81,6.91
400,Gat,IL,2022-02-09 07:58:15,31.61,34.7642,63.91,49,0,17.18
401,Verkhnevilyuysk,RU,2022-02-09 07:58:14,63.4453,120.3167,-24.29,98,100,1.1
402,Behshahr,IR,2022-02-09 07:58:16,36.6923,53.5526,58.95,40,4,2.26
403,Mormugao,IN,2022-02-09 07:58:16,15.4,73.8,81.66,51,20,9.22
404,Choma,ZM,2022-02-09 07:58:16,-16.8065,26.9531,67.28,87,77,5.75
405,Palmer,US,2022-02-09 07:58:17,42.1584,-72.3287,29.37,63,7,1.01
406,Morehead,US,2022-02-09 07:58:17,37.2711,-87.1764,43.86,57,0,10.36
407,Chifeng,CN,2022-02-09 07:58:18,42.2683,118.9636,35.35,26,18,7.09
408,Whithorn,JM,2022-02-09 07:58:18,18.2604,-78.0378,70.86,94,21,3.49
409,Betioky,MG,2022-02-09 07:58:19,-23.7167,44.3833,82.69,62,75,6.58
410,Dali,CN,2022-02-09 07:58:19,25.7,100.1833,57.2,26,7,9.62
411,Pochutla,MX,2022-02-09 07:58:20,15.7432,-96.4661,68.83,82,1,3.6
412,Kovernino,RU,2022-02-09 07:59:20,57.1253,43.8142,29.98,90,99,6.38
413,Asau,RO,2022-02-09 07:59:20,46.4333,26.4,42.76,71,96,5.97
414,Kousseri,CM,2022-02-09 07:59:21,12.0769,15.0306,67.96,13,70,12.66
415,Arlit,NE,2022-02-09 07:59:21,18.7369,7.3853,71.02,8,0,5.93
416,Muli,MV,2022-02-09 07:59:22,2.9167,73.5667,82.31,72,100,14.65
417,Margate,GB,2022-02-09 07:59:22,51.3813,1.3862,48.96,86,85,5.01
418,Guilin,CN,2022-02-09 07:59:23,25.2819,110.2864,44.71,84,100,3.38
419,Qaqortoq,GL,2022-02-09 07:59:23,60.7167,-46.0333,-2.34,70,80,10.18
420,Alta,NO,2022-02-09 07:59:23,69.9689,23.2717,22.26,72,0,11.5
421,Ust-Nera,RU,2022-02-09 07:59:24,64.5667,143.2,-27.42,96,65,5.06
422,Qingdao,CN,2022-02-09 07:59:24,36.0986,120.3719,44.2,42,0,11.18
423,Codrington,AU,2022-02-09 07:59:25,-38.2667,141.9667,68.63,61,0,17.22
424,Adelaide,AU,2022-02-09 07:56:30,-34.9333,138.6,78.04,58,20,14.97
425,Chicama,PE,2022-02-09 07:59:25,-7.8447,-79.1469,70.68,75,100,4.68
426,Hobyo,SO,2022-02-09 07:59:26,5.3505,48.5268,81.18,58,78,24.18
427,Pleshanovo,RU,2022-02-09 07:59:26,52.8333,53.4833,24.04,92,100,10.71
428,Nanortalik,GL,2022-02-09 07:59:27,60.1432,-45.2371,12.83,54,32,12.8
429,Krasnoarmeysk,RU,2022-02-09 07:59:27,51.0239,45.6969,33.08,96,100,15.82
430,Jinxiang,CN,2022-02-09 07:59:27,27.4327,120.6062,48.43,86,100,5.73
431,Jardim,BR,2022-02-09 07:59:28,-21.4803,-56.1381,61.66,53,0,2.62
432,Urucara,BR,2022-02-09 07:59:29,-2.5364,-57.76,72.14,98,100,1.43
433,Luorong,CN,2022-02-09 07:59:29,24.4058,109.6086,44.02,78,100,5.44
434,El Alto,PE,2022-02-09 07:59:29,-4.2714,-81.2147,71.22,71,100,7.9
435,Lincoln,US,2022-02-09 07:55:42,40.8,-96.667,42.75,39,100,3.0
436,Wenatchee,US,2022-02-09 07:59:30,47.4235,-120.3103,49.44,68,100,4.0
437,Yumen,CN,2022-02-09 07:59:30,40.2833,97.2,35.28,20,1,15.55
438,Nytva,RU,2022-02-09 07:59:31,57.9404,55.334,10.29,89,81,8.66
439,Sisimiut,GL,2022-02-09 07:59:31,66.9395,-53.6735,4.75,70,100,17.81
440,Quthing,LS,2022-02-09 07:59:32,-30.4,27.7003,77.05,34,6,5.53
441,Moron,AR,2022-02-09 07:59:32,-34.6534,-58.6198,67.75,83,8,5.08
442,Whitehorse,CA,2022-02-09 07:59:32,60.7161,-135.0538,32.77,69,75,13.8
443,Broome,US,2022-02-09 07:59:33,42.2506,-75.833,18.54,60,58,1.01
444,Dudinka,RU,2022-02-09 07:59:33,69.4058,86.1778,-2.38,88,100,21.52
445,Panajachel,GT,2022-02-09 07:59:34,14.7333,-91.15,60.12,95,78,6.38
446,Poum,NC,2022-02-09 07:59:34,-20.2333,164.0167,81.41,88,98,27.85
447,Prieska,ZA,2022-02-09 07:59:35,-29.6641,22.7474,85.73,20,63,8.46
448,Ban Phai,TH,2022-02-09 07:59:35,16.06,102.731,94.01,28,26,2.71
449,Huty,UA,2022-02-09 07:59:35,50.1332,35.3439,28.45,92,46,4.9
450,Tomari,RU,2022-02-09 07:59:36,47.7658,142.0683,20.12,69,69,15.08
451,Pavlodar,KZ,2022-02-09 07:59:36,52.3,76.95,6.6,85,40,4.47
452,Naze,JP,2022-02-09 07:59:37,28.3667,129.4833,59.92,74,99,8.75
453,Kavieng,PG,2022-02-09 07:59:37,-2.5744,150.7967,82.29,78,100,7.23
454,Itarema,BR,2022-02-09 07:59:38,-2.9248,-39.9167,77.68,86,100,7.58
455,Kushmurun,KZ,2022-02-09 07:59:38,52.4503,64.6311,24.17,93,100,10.58
456,Makurdi,NG,2022-02-09 07:59:39,7.7411,8.5121,83.91,24,11,7.07
457,Sambava,MG,2022-02-09 08:00:39,-14.2667,50.1667,84.0,71,5,6.38
458,Mulchen,CL,2022-02-09 08:00:40,-37.7167,-72.2333,55.53,84,2,5.48
459,Woodstock,CA,2022-02-09 07:57:13,43.1334,-80.7497,23.67,88,91,5.01
460,Belgrade,RS,2022-02-09 08:00:40,44.804,20.4651,42.55,63,20,12.66
461,Pimenta Bueno,BR,2022-02-09 08:00:41,-11.6725,-61.1936,71.53,99,100,0.65
462,Muriwai Beach,NZ,2022-02-09 08:00:42,-36.8167,174.45,75.34,90,66,10.56
463,Bowen,AU,2022-02-09 08:00:42,-20.0167,148.2333,80.55,64,84,11.65
464,Gweta,BW,2022-02-09 08:00:43,-20.1833,25.2333,82.8,37,6,7.7
465,Firminy,FR,2022-02-09 08:00:43,45.3873,4.2907,33.15,93,0,1.14
466,Limulunga,ZM,2022-02-09 08:00:44,-15.0969,23.1376,72.48,81,100,8.52
467,Balikpapan,ID,2022-02-09 08:00:21,-1.2675,116.8289,85.19,70,75,3.44
468,Belmonte,BR,2022-02-09 08:00:44,-15.8631,-38.8828,75.7,88,9,4.05
469,Preobrazheniye,RU,2022-02-09 08:00:45,42.9019,133.9064,29.98,56,9,9.64
470,Tubmanburg,LR,2022-02-09 08:00:45,6.8708,-10.8172,75.38,92,38,1.68
471,Egvekinot,RU,2022-02-09 08:00:46,66.3167,-179.1667,-14.08,74,12,13.71
472,Twin Falls,US,2022-02-09 08:00:46,42.3505,-114.6445,25.93,71,100,4.41
473,Lamu,KE,2022-02-09 08:00:47,-2.2717,40.902,88.02,70,81,6.6
474,Palaikastron,GR,2022-02-09 08:00:47,35.2,26.25,50.76,65,87,36.62
475,Tabou,CI,2022-02-09 08:00:48,4.423,-7.3528,79.99,83,35,6.22
476,Vila,PT,2022-02-09 08:00:48,42.0304,-8.1588,43.32,68,0,3.71
477,Fare,PF,2022-02-09 08:00:48,-16.7,-151.0167,81.45,77,15,16.33
478,Remedios,CU,2022-02-09 08:00:49,22.4947,-79.5458,72.61,86,82,4.45
479,Shaoyang,CN,2022-02-09 07:59:40,27.2315,111.4525,41.0,72,97,2.77
480,Flagstaff,US,2022-02-09 07:59:40,35.1981,-111.6513,42.46,20,0,9.31
481,Ust-Tsilma,RU,2022-02-09 08:00:50,65.441,52.1498,12.88,91,86,9.91
482,High Level,CA,2022-02-09 08:00:17,58.5169,-117.136,6.91,85,75,5.75
483,Athabasca,CA,2022-02-09 07:59:44,54.7169,-113.2854,33.62,88,100,7.16
484,Rawson,AR,2022-02-09 07:59:07,-43.3002,-65.1023,61.43,72,46,7.56
485,Misratah,LY,2022-02-09 08:00:51,32.3754,15.0925,56.75,51,24,14.27
486,Bhopal,IN,2022-02-09 08:00:51,23.2667,77.4,79.81,29,30,10.0
487,Tiksi,RU,2022-02-09 08:00:52,71.6872,128.8694,-15.81,97,94,10.47
488,Chegdomyn,RU,2022-02-09 08:00:52,51.1167,133.0167,-0.11,96,100,1.74
489,Acajutla,SV,2022-02-09 08:00:53,13.5928,-89.8275,74.41,65,14,7.0
490,Mamallapuram,IN,2022-02-09 08:00:53,12.6264,80.1722,84.25,58,96,12.21
491,Kieta,PG,2022-02-09 08:00:45,-6.2167,155.6333,80.46,86,93,5.46
492,Tolbazy,RU,2022-02-09 08:00:54,54.0241,55.8825,16.56,92,98,12.03
493,Sept-Iles,CA,2022-02-09 07:58:26,50.2001,-66.3821,27.12,93,100,8.05
494,Zanjan,IR,2022-02-09 08:00:54,36.6736,48.4787,31.87,88,93,6.2
495,Dongning,CN,2022-02-09 08:00:55,44.0622,131.1207,18.48,93,84,2.53
496,Upata,VE,2022-02-09 08:00:56,8.0086,-62.3989,71.19,98,100,3.06
497,Rio Grande,BR,2022-02-09 08:00:56,-32.035,-52.0986,57.94,72,100,4.88
498,Ola,RU,2022-02-09 08:00:56,59.5833,151.2833,2.75,81,100,6.58
499,Chalus,IR,2022-02-09 08:00:57,36.655,51.4204,58.93,53,5,5.3
500,Pathein,MM,2022-02-09 07:59:03,16.7833,94.7333,90.63,21,84,12.19
501,Balabac,PH,2022-02-09 08:00:57,7.9868,117.0645,80.64,81,100,15.41
502,Axim,GH,2022-02-09 08:00:58,4.8699,-2.2405,79.97,83,78,4.47
503,Laguna,US,2022-02-09 08:01:58,38.421,-121.4238,56.32,85,0,3.44
504,Abdulino,RU,2022-02-09 08:01:59,53.7,53.6667,22.35,94,100,11.12
505,Sioux Lookout,CA,2022-02-09 08:01:59,50.1001,-91.917,19.92,94,100,10.67
506,Khorixas,NA,2022-02-09 08:02:00,-20.3667,14.9667,73.08,68,92,4.81
507,Isiro,CD,2022-02-09 08:02:00,2.7739,27.616,87.4,20,53,4.41
508,Asosa,ET,2022-02-09 08:02:01,10.0667,34.5333,82.13,21,99,3.96
509,Saint-Pierre,RE,2022-02-09 08:00:32,-21.3393,55.4781,83.88,70,20,16.11
510,Port Augusta,AU,2022-02-09 08:02:01,-32.5,137.7667,83.71,50,25,18.61
511,Aklavik,CA,2022-02-09 08:02:02,68.2191,-135.0107,-35.68,95,83,9.71
512,Ocean City,US,2022-02-09 07:59:53,39.2776,-74.5746,30.97,78,0,5.75
513,Kathu,TH,2022-02-09 08:02:02,7.9178,98.3332,89.42,69,64,5.64
514,West Fargo,US,2022-02-09 08:02:03,46.875,-96.9004,34.02,80,100,23.02
515,Ilhabela,BR,2022-02-09 08:02:03,-23.7781,-45.3581,72.12,83,99,3.31
516,Petatlan,MX,2022-02-09 08:02:04,17.5167,-101.2667,68.86,67,0,4.34
517,Ust-Maya,RU,2022-02-09 08:02:04,60.4167,134.5333,-13.95,98,100,2.73
518,Bachaquero,VE,2022-02-09 08:02:05,9.9694,-71.1494,77.94,81,80,4.61
519,Saurimo,AO,2022-02-09 08:02:05,-9.6608,20.3916,73.65,67,100,5.21
520,Dharchula,IN,2022-02-09 08:02:06,29.85,80.5333,48.7,82,100,5.82
521,Beringovskiy,RU,2022-02-09 08:02:06,63.05,179.3167,-18.58,86,9,13.44
522,Yarada,IN,2022-02-09 08:02:06,17.65,83.2667,78.67,59,86,8.32
523,Galle,LK,2022-02-09 08:02:07,6.0367,80.217,82.76,63,100,8.14
524,Namatanai,PG,2022-02-09 08:02:07,-3.6667,152.4333,81.0,79,94,5.39
525,Alugan,PH,2022-02-09 08:02:08,12.2188,125.4808,81.39,70,42,11.54
526,Horsham,GB,2022-02-09 08:02:08,51.064,-0.3272,48.7,89,40,6.91
527,Hwange,ZW,2022-02-09 08:02:09,-18.3693,26.5019,81.93,60,3,3.42
528,Maniago,IT,2022-02-09 08:02:09,46.1706,12.7078,40.71,60,67,1.5
529,Pangoa,PE,2022-02-09 08:02:10,-12.1167,-73.0,65.43,94,100,2.91
530,Glenwood Springs,US,2022-02-09 08:02:10,39.5505,-107.3248,27.07,70,43,0.78
531,Soltsy,RU,2022-02-09 08:02:10,58.1239,30.3238,32.79,90,74,7.92
532,Le Port,RE,2022-02-09 08:02:11,-20.9373,55.2919,84.2,80,92,2.77
533,Sosua,DO,2022-02-09 07:58:45,19.7667,-70.5167,72.52,89,21,8.59
534,Port-Cartier,CA,2022-02-09 08:02:11,50.0334,-66.8654,26.82,95,100,7.45
535,Goderich,CA,2022-02-09 08:00:31,43.7501,-81.7165,29.91,91,63,19.77
536,Tezu,IN,2022-02-09 08:02:12,27.9167,96.1667,72.3,36,61,4.52
537,Cockburn Town,TC,2022-02-09 08:02:13,21.4612,-71.1419,76.87,78,22,20.13
538,Saldanha,ZA,2022-02-09 08:02:13,-33.0117,17.9442,67.23,82,24,7.16
539,Woodward,US,2022-02-09 08:02:13,36.4337,-99.3904,31.12,69,0,10.36
540,Taubate,BR,2022-02-09 08:02:14,-23.0264,-45.5553,67.91,96,94,1.77
541,Palu,ID,2022-02-09 08:02:14,-0.8917,119.8707,82.4,82,96,3.8
542,Grimshaw,CA,2022-02-09 08:02:15,56.1834,-117.6027,37.02,82,69,12.33
543,Kailua,US,2022-02-09 08:02:15,21.4022,-157.7394,74.14,78,11,4.0
544,Jalu,LY,2022-02-09 08:02:16,29.0331,21.5482,53.74,44,0,14.03
545,Inhambane,MZ,2022-02-09 08:02:16,-23.865,35.3833,85.82,47,0,3.31
546,Nyagan,RU,2022-02-09 08:02:16,62.1406,65.3936,13.12,92,80,6.98
547,Tiruvalla,IN,2022-02-09 08:02:17,9.3833,76.5667,93.11,40,2,7.76
548,Camapua,BR,2022-02-09 07:58:27,-19.5314,-54.0439,64.69,57,100,4.16
549,Ambon,ID,2022-02-09 08:02:18,-3.6954,128.1814,91.54,55,40,11.5
550,Baghdad,IQ,2022-02-09 07:57:30,33.3406,44.4009,60.71,39,0,8.05
551,Ternate,ID,2022-02-09 08:03:18,0.8,127.4,81.73,76,100,4.52
552,Moranbah,AU,2022-02-09 08:03:19,-22.0016,148.0466,88.11,32,100,7.47
553,Turayf,SA,2022-02-09 08:03:19,31.6725,38.6637,61.0,25,18,15.37
554,Henties Bay,NA,2022-02-09 08:03:20,-22.116,14.2845,71.85,82,34,2.33
555,Tucumcari,US,2022-02-09 08:03:20,35.1717,-103.725,30.04,59,0,10.36
556,San Patricio,US,2022-02-09 08:03:20,28.017,-97.5169,51.93,60,0,6.4
557,Kargasok,RU,2022-02-09 08:03:21,59.0556,80.8572,-1.8,91,35,5.7
558,Inowroclaw,PL,2022-02-09 08:03:21,52.7989,18.2639,41.94,100,89,1.99
559,Moose Factory,CA,2022-02-09 08:03:22,51.2585,-80.6094,9.43,95,92,5.44
560,Chapais,CA,2022-02-09 08:02:58,49.7834,-74.8492,4.12,100,100,2.15
561,Tateyama,JP,2022-02-09 08:03:22,34.9833,139.8667,50.09,61,100,12.55
562,Bagdarin,RU,2022-02-09 08:03:23,54.4333,113.6,7.56,88,100,2.66
563,South Lake Tahoe,US,2022-02-09 08:00:29,38.9332,-119.9844,38.88,61,2,5.19
564,Prabumulih,ID,2022-02-09 08:03:23,-3.45,104.25,86.74,64,98,3.42
565,Bucerias,MX,2022-02-09 08:03:24,20.75,-105.3333,65.98,72,0,1.45
566,Kaka,TM,2022-02-09 08:03:24,37.3482,59.6143,56.8,31,1,7.14
567,Matamoros,MX,2022-02-09 08:03:24,25.5333,-103.25,45.1,45,0,1.32
568,Poco Verde,BR,2022-02-09 07:59:31,-10.7083,-38.1833,71.06,93,38,3.49
569,Pirenopolis,BR,2022-02-09 08:03:25,-15.8525,-48.9592,65.52,92,90,1.48
